;;;;;;;;;;;;;;;;;;;;;;;;;;;;;;;;;;;;;;;;;;;;;;;;;;;;;;;;;;;;;;;;;;;;;;;;;;;;;;;;;;;;;;;;;;;;;;;;;;;;;;;;;;;;;;;;;;;;;;;;;;;;;;;;;;;;;;;;;;;;;;;;;;;;;;;;;
;;;;;;;;;;;;;;;;;;;;;;;;;;;;;;;;;;;;;;;;;;;;;;;;;;;;;;;;;;;;;;;;;;;;;;;;;;;;;;;;;;;;;;;;;;;;;;;;;;;;;;;;;;;;;;;;;;;;;;;;;;;;;;;;;;;;;;;;;;;;;;;;;;;;;;;;;
;;;;;;;;;;;;;;;;;;;;;;;;;;;;;;;;;;;;;;;;;;;;;;;;;;;;;;;;;;;;;;;;;;;;;;;;;;;;;;;;;;;;;;;;;;;;;;;;;;;;;;;;;;;;;;;;;;;;;;;;;;;;;;;;;;;;;;;;;;;;;;;;;;;;;;;;;
;;;;;;;;;;;;;;;;;;;;;;;;;;;;;;;;;;;;;;;;;;;;;;;;;;;;;;;;;;;;;;;;;;;;;;;;;;;;;;;;;;;;;;;;;;;;;;;;;;;;;;;;;;;;;;;;;;;;;;;;;;;;;;;;;;;;;;;;;;;;;;;;;;;;;;;;;
;;;;;;;;;;;;;;;;;;;;;;;;;;;;;;;;;;;;;;;;;;;;;;;;;;;;;;;;;;;;;;;;;;;;;;;;;;;;;;;;;;;;;;;;;;;;;;;;;;;;;;;;;;;;;;;;;;;;;;;;;;;;;;;;;;;;;;;;;;;;;;;;;;;;;;;;;
;;;;;;;;;;;;;;;;;;;;;;;;;;;;;;;;;;;;;;;;;;;;;;;;;;;;;;;;;;;;;;;;;;;;;;;;;;;;;;;;;;;;;;;;;;;;;;;;;;;;;;;;;;;;;;;;;;;;;;;;;;;;;;;;;;;;;;;;;;;;;;;;;;;;;;;;;
;;;;;;;;;;;;;;;;;;;;;;;;;;;;;;;;;;;;;;;;;;;;;;;;;;;;;;;;;;;;;;;;;;;;;;;;;;;;;;;;;;;;;;;;;;;;;;;;;;;;;;;;;;;;;;;;;;;;;;;;;;;;;;;;;;;;;;;;;;;;;;;;;;;;;;;;;
;;;;;;;;;;;;;;;;;;;;;;;;;;;;;;;;;;;;;;;;;;;;;;;;;;;;;;;;;;;;;;;;;;;;;;;;;;;;;;;;;;;;;;;;;;;;;;;;;;;;;;;;;;;;;;;;;;;;;;;;;;;;;;;;;;;;;;;;;;;;;;;;;;;;;;;;;
;;;;;;;;;;;;;;;;;;;;;;;;;;;;;;;;;;;;;;;;;;;;;;;;;;;;;;;;;;;;;;;;;;;;;;;;;;;;;;;;;;;;;;;;;;;;;;;;;;;;;;;;;;;;;;;;;;;;;;;;;;;;;;;;;277;278;279;280;281;282;283;284;285;286;287;;;;;;;;;;;;;;
;;;;;;;;;;;;;;;;;;;;;;;;;;;;;;;;;;;;;;;;;;;;;;;;;;;;;;;;;;;;;;;;;;;;;;;;;;;;;;;;;;;;;;;;;;;;;;;;;;;;;;;;;;;;;;;;;;;;;;;;;;;;;272;273;274;275;276;277;278;;;;;;;287;288;289;;;;;;;;;;;;;
;;;;;;;;;;;;;;;;;;;;;;;;;;;;;;;;;;;;;;;;;;;;;;;;;;;;;;;;;;;;;;;;;;;;;;;;;;;;;;;;;;;;;;;;;;;;;;;;;;;;;;;;;;;;;;;;;;;;;;;;;267;268;269;270;271;272;273;274;275;276;;;;;;;;288;289;290;;;;;;;;;;;;;
;;;;;;;;;;;;;;;;;;;;;;;;;;;;;;;;;;;;;;;;;;;;;;;;;;;;;;;;;;;;;;;;;;;;;;;;;;;;;;;;;;;;;;;;;;;;;;;;;;;;;;;;;;;;;;;;;;;;;;;;265;266;267;268;269;270;271;272;273;274;367;368;369;370;371;372;373;374;375;290;291;292;;;;;;;;;;;;
;;;;;;;;;;;;;;;;;;;;;;;;;;;;;;;;;;;;;;;;;;;;;;;;;;;;;;;;;;;;;;;;;;;;;;;;;;;;;;;;;;;;;;;;;;;;;;;;;;;;;;;;;;;;;;;;;;;;;;;;264;265;266;267;360;361;362;363;364;365;366;367;368;;;;;375;376;291;292;293;;;;;;;;;;;;
;;;;;;;;;;;;;;;;;;;;;;;;;;;;;;;;;;;;;;;;;;;;;;;;;;;;;;;;;;;;;;;;;;;;;;;;;;;;;;;;;;;;;;;;;;;;;;;;;;;;;;;;;;;;;;;;;;;;;;;;263;264;;358;359;360;361;362;363;364;365;366;;;;;;376;377;378;293;294;295;;;;;;;;;;;
;;;;;;;;;;;;;;;;;;;;;;;;;;;;;;;;;;;;;;;;;;;;;;;;;;;;;;;;;;;;;;;;;;;;;;;;;;;;;;;;;;;;;;;;;;;;;;;;;;;;;;;;;;;;;;;;;;;;;;;;262;;;357;358;359;;;;;;433;434;435;436;437;438;377;378;379;294;295;296;297;;;;;;;;;;
;;;;;;;;;;;;;;;;;;;;;;;;;;;;;;;;;;;;;;;;;;;;;;;;;;;;;;;;;;;;;;;;;;;;;;;;;;;;;;;;;;;;;;;;;;;;;;;;;;;;;;;;;;;;;;;;;;;;;;;;261;;;356;357;;427;428;429;430;431;432;433;;;438;439;440;379;380;381;296;297;298;299;;;;;;;;;
;;;;;;;;;;;;;;;;;;;;;;;;;;;;;;;;;;;;;;;;;;;;;;;;;;;;;;;;;;;;;;;;;;;;;;;;;;;;;;;;;;;;;;;;;;;;;;;;;;;;;;;;;;;;;;;;;;;;;;;;260;;;355;;;426;427;;;;;;;;;440;441;380;381;382;383;298;299;300;301;;;;;;;;
;;;;;;;;;;;;;;;;;;;;;;;;;;;;;;;;;;;;;;;;;;;;;;;;;;;;;;;;;;;;;;;;;;;;;;;;;;;;;;;;;;;;;;;;;;;;;;;;;;;;;;;;;;;;;;;;;;;;;;;;259;;;354;;;425;;;;;;;;;;441;442;443;382;383;384;385;;301;302;;;;;;;;
;;;;;;;;;;;;;;;;;;;;;;;;;;;;;;;;;;;;;;;;;;;;;;;;;;;;;;;;;;;;;;;;;;;;;;;;;;;;;;;;;;;;;;;;;;;;;;;;;;;;;;;;;;;;;;;;;;;;;;;;258;;;353;;;424;;;;;;;;;;442;443;444;445;;385;386;;;303;;;;;;;;
;;;;;;;;;;;;;;;;;;;;;;;;;;;;;;;;;;;;;;;;;;;;;;;;;;;;;;;;;;;;;;;;;;;;;;;;;;;;;;;;;;;;;;;;;;;;;;;;;;;;;;;;;;;;;;;;;;;;;;;;257;;;352;;;423;;;;;;;;;;;;445;446;;;387;;;304;;;;;;;;
0;1;2;3;4;;;;;;;;;;;;;;;;;;;;;;;;;;;;;;;;;;;;;;;;;;;;;;;;;;;;;;;;;;;;;;;;;;;;;;;;;;;;;;;;;;;;;;;;;;;;;;;;;;;;;;;;;;;;;;;;;;;;256;;;351;;;422;;;;;;472;473;;;;;;447;;;388;;;305;;;;;;;;
1;2;3;4;5;;;;;;;;;;;;;;;;;;;;;;;;;;;;;;;;;;;;;;;;;;;;;;;;;;;;;;;;;;;;;;;;;;;;;;;;;;;;;;;;;;;;;;;;;;;;;;;;;;;;;;;;;;;;;;;;;;;;255;;;350;;;421;;;468;469;470;471;472;;;;;449;448;;;389;;;306;;;;;;;;
2;3;4;5;6;;;;;;;;;;;;;;;;;;;;;;;;;;;;;;;;;;;;;;;;;;;;;65;66;67;68;69;70;71;72;73;74;75;76;77;78;79;80;81;;;;;;;;;;;;;;;;;;;;;;;;;;;;;;;;;;;;;;;;;;;;;;;;;;;;;;;254;;;349;;;420;;;467;468;469;470;471;;;452;451;450;449;;391;390;;308;307;;;;;;;;
3;4;5;6;7;;;;;;;;;;;;;;;;;;;;;;;;;;;;;;;;;;;;;;;;;;61;62;63;64;65;66;67;68;69;70;71;72;;;;78;79;80;81;82;;;;;;;;;;;;;;;;;;;;;;;;;;;;;;;;;;;;;;;;;;;;;;;;;;;;;;;253;;;348;;;419;;;466;;;;;;;453;452;451;394;393;392;391;310;309;308;;;;;;;;
4;5;6;7;8;9;10;;;;;;;;;;;;;;;;;;;;;;;;;;;;;;;;;;;;;;;;60;61;62;63;64;65;66;67;68;69;;;;;;79;80;81;82;83;84;;;;;;;;;;;;;;;;;;;;;;;;;;;;;;;;;;;;;;;;;;;;;;;;;;;;;;252;;;347;;;418;;;465;464;463;462;;;;454;453;396;395;394;393;312;311;310;309;;;;;;;;
5;6;7;8;9;10;11;12;13;14;15;16;17;18;19;20;21;22;23;24;25;26;27;28;29;30;31;32;33;34;35;36;37;38;39;;;;;;;;;;;;59;60;61;62;63;64;65;66;;;;;;;;;81;82;83;84;85;;;;;;;;;;;;;;;;;;;;;;;;;;;;;;;;;;;;;;;;;;;;;;;;;;;;;;251;;;346;;;417;;;464;463;462;461;;;;455;454;397;396;395;314;313;312;311;;;;;;;;;
6;7;8;9;10;11;12;13;14;15;16;17;18;19;20;21;22;23;24;25;26;27;28;29;30;31;32;33;34;35;36;37;38;39;40;;;;;;;53;54;55;56;57;58;59;;;;;;;;;;;;;;;82;83;84;85;86;;;;;;;97;98;99;100;101;102;103;104;105;106;107;108;109;110;111;112;113;114;115;116;117;118;119;120;121;122;123;;;;;;;;;;;;;;;;;;;;;250;;;345;;;416;415;;;;;460;459;458;457;456;455;398;397;316;315;314;313;208;207;206;205;204;203;202;;;
7;8;9;10;11;12;13;14;15;16;17;18;19;20;21;22;23;24;25;26;27;28;29;30;31;32;33;34;35;36;37;38;39;40;41;42;;;;;;52;53;54;55;56;57;58;;;;;;;;;;;;;;;83;84;85;86;87;;;;;;;96;97;98;99;100;101;102;103;104;105;106;;;111;112;113;114;115;116;117;118;119;120;121;122;123;124;;;;;;;;;;;;;;;;;;;;;249;248;;344;343;;415;414;413;412;411;410;409;;;;;400;399;398;317;316;315;210;209;208;207;;;202;201;;;
;;;;;;;;;;;;;;;;;;;;;;;;;;;;;;;;40;41;42;43;;;48;49;50;51;52;53;54;55;56;57;;;;;;;;;;;;;;;84;85;86;87;88;89;90;91;92;93;94;95;;;;;;;;;;;;;;;;115;116;117;118;119;120;121;122;123;124;125;;;;;;;;;;;;;;;;;;;;;248;247;;343;342;341;414;413;412;411;410;409;408;407;;;;401;400;399;318;317;212;211;210;209;;;;201;200;;;
;;;;;;;;;;;;;;;;;;;;;;;;;;;;;;;;41;42;43;44;45;46;47;48;49;50;51;52;53;54;55;56;;;;;;;;;;;;;;;;;;;;;;;;;;;;;;;;;;;;;;;;;;116;117;118;;;;122;123;124;125;126;127;128;129;;;;;;;;;;;;;;;;;;247;246;;342;341;340;339;338;337;336;335;334;407;406;405;404;403;402;401;320;319;318;213;212;211;;;;;200;199;;;
;;;;;;;;;;;;;;;;;;;;;;;;;;;;;;;;;;;;;;;;;;;;;;;;;;;;;;;;;;;;;;;;;;;;;;;;;;;;;;;;;;;;;;;;;117;118;119;;;;;124;125;126;127;128;129;130;;;;;;;;;;;;;;;;;;246;245;244;341;340;339;338;337;336;335;334;333;332;;;;;;322;321;320;319;214;213;212;;;;;;198;;;
;;;;;;;;;;;;;;;;;;;;;;;;;;;;;;;;;;;;;;;;;;;;;;;;;;;;;;;;;;;;;;;;;;;;;;;;;;;;;;;;;;;;;;;;;;119;120;;;;;125;126;127;128;129;130;131;132;;;;;;;;;;;;;;;;;245;244;243;242;241;240;337;336;335;334;333;332;331;330;329;;;324;323;322;321;216;215;214;;;;;;;197;;;
;;;;;;;;;;;;;;;;;;;;;;;;;;;;;;;;;;;;;;;;;;;;;;;;;;;;;;;;;;;;;;;;;;;;;;;;;;;;;;;;;;;;;;;;;;120;121;;;;;126;127;128;129;130;131;132;133;;;;;;;;;;;;;;;;;244;243;242;241;240;239;238;237;236;235;234;233;330;329;328;327;326;325;324;323;322;217;216;215;;;;;;;196;;;
;;;;;;;;;;;;;;;;;;;;;;;;;;;;;;;;;;;;;;;;;;;;;;;;;;;;;;;;;;;;;;;;;;;;;;;;;;;;;;;;;;;;;;;;;;121;122;123;124;125;126;127;128;129;130;131;132;133;134;;;;;;;;;;;;;;;;;;;;240;239;238;237;236;235;234;233;232;231;;;;;;;;219;218;217;;;;;;193;194;195;;;
;;;;;;;;;;;;;;;;;;;;;;;;;;;;;;;;;;;;;;;;;;;;;;;;;;;;;;;;;;;;;;;;;;;;;;;;;;;;;;;;;;;;;;;;;;122;123;124;125;126;127;128;129;130;131;132;133;134;135;;;;;;;;;;;;;;;;;;;;;;;;;;233;232;231;230;229;228;;;;222;221;220;219;218;;;;;191;192;193;194;;;
;;;;;;;;;;;;;;;;;;;;;;;;;;;;;;;;;;;;;;;;;;;;;;;;;;;;;;;;;;;;;;;;;;;;;;;;;;;;;;;;;;;;;;;;;;123;124;125;126;127;128;129;130;131;132;133;134;135;136;;;;;;;;;;;;;;;;;;;;;;;;;;;;230;229;228;227;226;225;224;223;222;221;220;185;186;187;188;189;190;191;192;193;;;
;;;;;;;;;;;;;;;;;;;;;;;;;;;;;;;;;;;;;;;;;;;;;;;;;;;;;;;;;;;;;;;;;;;;;;;;;;;;;;;;;;;;;;;;;;;;;;;;;;132;133;134;135;136;137;;;;;;;;;;;;;;;;;;;;;;;;;;;;;;;;;;;;;;183;184;185;186;187;188;189;190;191;192;;;
;;;;;;;;;;;;;;;;;;;;;;;;;;;;;;;;;;;;;;;;;;;;;;;;;;;;;;;;;;;;;;;;;;;;;;;;;;;;;;;;;;;;;;;;;;;;;;;;;;133;134;135;136;137;138;139;140;141;;;;;;;;;;;;;;;;;;;;;;;;;;;;;;;;;180;181;182;183;184;185;186;187;188;189;190;191;;;
;;;;;;;;;;;;;;;;;;;;;;;;;;;;;;;;;;;;;;;;;;;;;;;;;;;;;;;;;;;;;;;;;;;;;;;;;;;;;;;;;;;;;;;;;;;;;;;;;;134;135;136;137;138;139;140;141;142;143;144;145;146;147;148;149;150;151;152;153;154;155;156;157;158;159;160;161;162;163;164;165;;;;173;174;175;176;177;178;179;180;181;182;183;184;185;186;187;;;;;;
;;;;;;;;;;;;;;;;;;;;;;;;;;;;;;;;;;;;;;;;;;;;;;;;;;;;;;;;;;;;;;;;;;;;;;;;;;;;;;;;;;;;;;;;;;;;;;;;;;;;137;138;139;140;141;142;143;144;145;146;147;148;149;150;151;152;153;154;155;156;157;158;159;160;161;162;163;164;165;166;;;;172;173;174;175;176;177;178;179;180;181;182;183;184;185;186;;;;;;
;;;;;;;;;;;;;;;;;;;;;;;;;;;;;;;;;;;;;;;;;;;;;;;;;;;;;;;;;;;;;;;;;;;;;;;;;;;;;;;;;;;;;;;;;;;;;;;;;;;;138;139;140;141;142;143;144;145;146;147;148;149;150;151;152;153;154;155;156;157;158;159;160;161;162;163;164;165;166;167;168;169;170;171;172;173;174;175;176;177;178;179;180;181;182;183;184;185;;;;;;
